iteration,t,algo,divided,critical_nodes
0,0,none,False,0.0
0,0,RND,True,0.0
0,0,MIRW,True,0.0
0,0,FFD,True,0.0
0,0,KMeans,True,1.0
0,100,none,False,0.0
0,100,RND,True,0.0
0,100,MIRW,True,0.0
0,100,FFD,True,0.0
0,100,KMeans,True,0.0
0,200,none,False,0.0
0,200,RND,True,0.0
0,200,MIRW,True,0.0
0,200,FFD,True,0.0
0,200,KMeans,True,0.0
0,300,none,False,0.0
0,300,RND,True,0.0
0,300,MIRW,True,0.0
0,300,FFD,True,0.0
0,300,KMeans,True,0.0
0,400,none,False,0.0
0,400,RND,True,0.0
0,400,MIRW,True,0.0
0,400,FFD,True,0.0
0,400,KMeans,True,0.0
0,500,none,False,0.0
0,500,RND,True,0.0
0,500,MIRW,True,0.0
0,500,FFD,True,0.0
0,500,KMeans,True,0.0
0,600,none,False,0.0
0,600,RND,True,0.0
0,600,MIRW,True,0.0
0,600,FFD,True,0.0
0,600,KMeans,True,0.0
0,700,none,False,0.0
0,700,RND,True,0.0
0,700,MIRW,True,0.0
0,700,FFD,True,0.0
0,700,KMeans,True,0.0
0,800,none,False,0.0
0,800,RND,True,0.0
0,800,MIRW,True,0.0
0,800,FFD,True,0.0
0,800,KMeans,True,0.0
0,900,none,False,0.0
0,900,RND,True,0.0
0,900,MIRW,True,0.0
0,900,FFD,True,0.0
0,900,KMeans,True,0.0
0,1000,none,False,0.0
0,1000,RND,True,0.0
0,1000,MIRW,True,0.0
0,1000,FFD,True,0.0
0,1000,KMeans,True,0.0
0,1100,none,False,0.0
0,1100,RND,True,0.0
0,1100,MIRW,True,0.0
0,1100,FFD,True,0.0
0,1100,KMeans,True,0.0
0,1200,none,False,0.0
0,1200,RND,True,0.0
0,1200,MIRW,True,0.0
0,1200,FFD,True,0.0
0,1200,KMeans,True,1.0
0,1300,none,False,0.0
0,1300,RND,True,0.0
0,1300,MIRW,True,0.0
0,1300,FFD,True,0.0
0,1300,KMeans,True,0.0
0,1400,none,False,0.0
0,1400,RND,True,0.0
0,1400,MIRW,True,0.0
0,1400,FFD,True,0.0
0,1400,KMeans,True,0.0
0,1500,none,False,0.0
0,1500,RND,True,0.0
0,1500,MIRW,True,0.0
0,1500,FFD,True,0.0
0,1500,KMeans,True,0.0
0,1600,none,False,0.0
0,1600,RND,True,0.0
0,1600,MIRW,True,0.0
0,1600,FFD,True,0.0
0,1600,KMeans,True,0.0
0,1700,none,False,0.0
0,1700,RND,True,0.0
0,1700,MIRW,True,0.0
0,1700,FFD,True,0.0
0,1700,KMeans,True,0.0
0,1800,none,False,0.0
0,1800,RND,True,0.0
0,1800,MIRW,True,0.0
0,1800,FFD,True,0.0
0,1800,KMeans,True,0.0
1,0,none,False,0.0
1,0,RND,True,0.0
1,0,MIRW,True,0.0
1,0,FFD,True,0.0
1,0,KMeans,True,1.0
1,100,none,False,0.0
1,100,RND,True,0.0
1,100,MIRW,True,0.0
1,100,FFD,True,0.0
1,100,KMeans,True,0.0
1,200,none,False,0.0
1,200,RND,True,0.0
1,200,MIRW,True,0.0
1,200,FFD,True,0.0
1,200,KMeans,True,0.0
1,300,none,False,0.0
1,300,RND,True,0.0
1,300,MIRW,True,0.0
1,300,FFD,True,0.0
1,300,KMeans,True,0.0
1,400,none,False,0.0
1,400,RND,True,0.0
1,400,MIRW,True,0.0
1,400,FFD,True,0.0
1,400,KMeans,True,0.0
1,500,none,False,0.0
1,500,RND,True,0.0
1,500,MIRW,True,0.0
1,500,FFD,True,0.0
1,500,KMeans,True,0.0
1,600,none,False,0.0
1,600,RND,True,0.0
1,600,MIRW,True,0.0
1,600,FFD,True,0.0
1,600,KMeans,True,0.0
1,700,none,False,0.0
1,700,RND,True,0.0
1,700,MIRW,True,0.0
1,700,FFD,True,0.0
1,700,KMeans,True,0.0
1,800,none,False,0.0
1,800,RND,True,0.0
1,800,MIRW,True,0.0
1,800,FFD,True,0.0
1,800,KMeans,True,0.0
1,900,none,False,0.0
1,900,RND,True,0.0
1,900,MIRW,True,0.0
1,900,FFD,True,0.0
1,900,KMeans,True,0.0
1,1000,none,False,0.0
1,1000,RND,True,0.0
1,1000,MIRW,True,0.0
1,1000,FFD,True,0.0
1,1000,KMeans,True,0.0
1,1100,none,False,0.0
1,1100,RND,True,0.0
1,1100,MIRW,True,0.0
1,1100,FFD,True,0.0
1,1100,KMeans,True,0.0
1,1200,none,False,0.0
1,1200,RND,True,0.0
1,1200,MIRW,True,0.0
1,1200,FFD,True,0.0
1,1200,KMeans,True,1.0
1,1300,none,False,0.0
1,1300,RND,True,0.0
1,1300,MIRW,True,0.0
1,1300,FFD,True,0.0
1,1300,KMeans,True,0.0
1,1400,none,False,0.0
1,1400,RND,True,0.0
1,1400,MIRW,True,0.0
1,1400,FFD,True,0.0
1,1400,KMeans,True,0.0
1,1500,none,False,0.0
1,1500,RND,True,0.0
1,1500,MIRW,True,0.0
1,1500,FFD,True,0.0
1,1500,KMeans,True,0.0
1,1600,none,False,0.0
1,1600,RND,True,0.0
1,1600,MIRW,True,0.0
1,1600,FFD,True,0.0
1,1600,KMeans,True,0.0
1,1700,none,False,0.0
1,1700,RND,True,0.0
1,1700,MIRW,True,0.0
1,1700,FFD,True,0.0
1,1700,KMeans,True,0.0
1,1800,none,False,0.0
1,1800,RND,True,0.0
1,1800,MIRW,True,0.0
1,1800,FFD,True,0.0
1,1800,KMeans,True,0.0
2,0,none,False,0.0
2,0,RND,True,0.0
2,0,MIRW,True,0.0
2,0,FFD,True,0.0
2,0,KMeans,True,1.0
2,100,none,False,0.0
2,100,RND,True,0.0
2,100,MIRW,True,0.0
2,100,FFD,True,0.0
2,100,KMeans,True,0.0
2,200,none,False,0.0
2,200,RND,True,0.0
2,200,MIRW,True,0.0
2,200,FFD,True,0.0
2,200,KMeans,True,0.0
2,300,none,False,0.0
2,300,RND,True,0.0
2,300,MIRW,True,0.0
2,300,FFD,True,0.0
2,300,KMeans,True,0.0
2,400,none,False,0.0
2,400,RND,True,0.0
2,400,MIRW,True,0.0
2,400,FFD,True,0.0
2,400,KMeans,True,0.0
2,500,none,False,0.0
2,500,RND,True,0.0
2,500,MIRW,True,0.0
2,500,FFD,True,0.0
2,500,KMeans,True,0.0
2,600,none,False,0.0
2,600,RND,True,0.0
2,600,MIRW,True,0.0
2,600,FFD,True,0.0
2,600,KMeans,True,0.0
2,700,none,False,0.0
2,700,RND,True,0.0
2,700,MIRW,True,0.0
2,700,FFD,True,0.0
2,700,KMeans,True,0.0
2,800,none,False,0.0
2,800,RND,True,0.0
2,800,MIRW,True,0.0
2,800,FFD,True,0.0
2,800,KMeans,True,0.0
2,900,none,False,0.0
2,900,RND,True,0.0
2,900,MIRW,True,0.0
2,900,FFD,True,0.0
2,900,KMeans,True,0.0
2,1000,none,False,0.0
2,1000,RND,True,0.0
2,1000,MIRW,True,0.0
2,1000,FFD,True,0.0
2,1000,KMeans,True,0.0
2,1100,none,False,0.0
2,1100,RND,True,0.0
2,1100,MIRW,True,0.0
2,1100,FFD,True,0.0
2,1100,KMeans,True,0.0
2,1200,none,False,0.0
2,1200,RND,True,0.0
2,1200,MIRW,True,0.0
2,1200,FFD,True,0.0
2,1200,KMeans,True,1.0
2,1300,none,False,0.0
2,1300,RND,True,0.0
2,1300,MIRW,True,0.0
2,1300,FFD,True,0.0
2,1300,KMeans,True,0.0
2,1400,none,False,0.0
2,1400,RND,True,0.0
2,1400,MIRW,True,0.0
2,1400,FFD,True,0.0
2,1400,KMeans,True,0.0
2,1500,none,False,0.0
2,1500,RND,True,0.0
2,1500,MIRW,True,0.0
2,1500,FFD,True,0.0
2,1500,KMeans,True,0.0
2,1600,none,False,0.0
2,1600,RND,True,0.0
2,1600,MIRW,True,0.0
2,1600,FFD,True,0.0
2,1600,KMeans,True,0.0
2,1700,none,False,0.0
2,1700,RND,True,0.0
2,1700,MIRW,True,0.0
2,1700,FFD,True,0.0
2,1700,KMeans,True,0.0
2,1800,none,False,0.0
2,1800,RND,True,0.0
2,1800,MIRW,True,0.0
2,1800,FFD,True,0.0
2,1800,KMeans,True,0.0
3,0,none,False,0.0
3,0,RND,True,0.0
3,0,MIRW,True,0.0
3,0,FFD,True,0.0
3,0,KMeans,True,1.0
3,100,none,False,0.0
3,100,RND,True,0.0
3,100,MIRW,True,0.0
3,100,FFD,True,0.0
3,100,KMeans,True,0.0
3,200,none,False,0.0
3,200,RND,True,0.0
3,200,MIRW,True,0.0
3,200,FFD,True,0.0
3,200,KMeans,True,0.0
3,300,none,False,0.0
3,300,RND,True,0.0
3,300,MIRW,True,0.0
3,300,FFD,True,0.0
3,300,KMeans,True,0.0
3,400,none,False,0.0
3,400,RND,True,0.0
3,400,MIRW,True,0.0
3,400,FFD,True,0.0
3,400,KMeans,True,0.0
3,500,none,False,0.0
3,500,RND,True,0.0
3,500,MIRW,True,0.0
3,500,FFD,True,0.0
3,500,KMeans,True,0.0
3,600,none,False,0.0
3,600,RND,True,0.0
3,600,MIRW,True,0.0
3,600,FFD,True,0.0
3,600,KMeans,True,0.0
3,700,none,False,0.0
3,700,RND,True,0.0
3,700,MIRW,True,0.0
3,700,FFD,True,0.0
3,700,KMeans,True,0.0
3,800,none,False,0.0
3,800,RND,True,0.0
3,800,MIRW,True,0.0
3,800,FFD,True,0.0
3,800,KMeans,True,0.0
3,900,none,False,0.0
3,900,RND,True,0.0
3,900,MIRW,True,0.0
3,900,FFD,True,0.0
3,900,KMeans,True,0.0
3,1000,none,False,0.0
3,1000,RND,True,0.0
3,1000,MIRW,True,0.0
3,1000,FFD,True,0.0
3,1000,KMeans,True,0.0
3,1100,none,False,0.0
3,1100,RND,True,0.0
3,1100,MIRW,True,0.0
3,1100,FFD,True,0.0
3,1100,KMeans,True,0.0
3,1200,none,False,0.0
3,1200,RND,True,0.0
3,1200,MIRW,True,0.0
3,1200,FFD,True,0.0
3,1200,KMeans,True,1.0
3,1300,none,False,0.0
3,1300,RND,True,0.0
3,1300,MIRW,True,0.0
3,1300,FFD,True,0.0
3,1300,KMeans,True,0.0
3,1400,none,False,0.0
3,1400,RND,True,0.0
3,1400,MIRW,True,0.0
3,1400,FFD,True,0.0
3,1400,KMeans,True,0.0
3,1500,none,False,0.0
3,1500,RND,True,0.0
3,1500,MIRW,True,0.0
3,1500,FFD,True,0.0
3,1500,KMeans,True,0.0
3,1600,none,False,0.0
3,1600,RND,True,0.0
3,1600,MIRW,True,0.0
3,1600,FFD,True,0.0
3,1600,KMeans,True,0.0
3,1700,none,False,0.0
3,1700,RND,True,0.0
3,1700,MIRW,True,0.0
3,1700,FFD,True,0.0
3,1700,KMeans,True,0.0
3,1800,none,False,0.0
3,1800,RND,True,0.0
3,1800,MIRW,True,0.0
3,1800,FFD,True,0.0
3,1800,KMeans,True,0.0
4,0,none,False,0.0
4,0,RND,True,0.0
4,0,MIRW,True,0.0
4,0,FFD,True,0.0
4,0,KMeans,True,1.0
4,100,none,False,0.0
4,100,RND,True,0.0
4,100,MIRW,True,0.0
4,100,FFD,True,0.0
4,100,KMeans,True,0.0
4,200,none,False,0.0
4,200,RND,True,0.0
4,200,MIRW,True,0.0
4,200,FFD,True,0.0
4,200,KMeans,True,0.0
4,300,none,False,0.0
4,300,RND,True,0.0
4,300,MIRW,True,0.0
4,300,FFD,True,0.0
4,300,KMeans,True,0.0
4,400,none,False,0.0
4,400,RND,True,0.0
4,400,MIRW,True,0.0
4,400,FFD,True,0.0
4,400,KMeans,True,0.0
4,500,none,False,0.0
4,500,RND,True,0.0
4,500,MIRW,True,0.0
4,500,FFD,True,0.0
4,500,KMeans,True,0.0
4,600,none,False,0.0
4,600,RND,True,0.0
4,600,MIRW,True,0.0
4,600,FFD,True,0.0
4,600,KMeans,True,0.0
4,700,none,False,0.0
4,700,RND,True,0.0
4,700,MIRW,True,0.0
4,700,FFD,True,0.0
4,700,KMeans,True,0.0
4,800,none,False,0.0
4,800,RND,True,0.0
4,800,MIRW,True,0.0
4,800,FFD,True,0.0
4,800,KMeans,True,0.0
4,900,none,False,0.0
4,900,RND,True,0.0
4,900,MIRW,True,0.0
4,900,FFD,True,0.0
4,900,KMeans,True,0.0
4,1000,none,False,0.0
4,1000,RND,True,0.0
4,1000,MIRW,True,0.0
4,1000,FFD,True,0.0
4,1000,KMeans,True,0.0
4,1100,none,False,0.0
4,1100,RND,True,0.0
4,1100,MIRW,True,0.0
4,1100,FFD,True,0.0
4,1100,KMeans,True,0.0
4,1200,none,False,0.0
4,1200,RND,True,0.0
4,1200,MIRW,True,0.0
4,1200,FFD,True,0.0
4,1200,KMeans,True,1.0
4,1300,none,False,0.0
4,1300,RND,True,0.0
4,1300,MIRW,True,0.0
4,1300,FFD,True,0.0
4,1300,KMeans,True,0.0
4,1400,none,False,0.0
4,1400,RND,True,0.0
4,1400,MIRW,True,0.0
4,1400,FFD,True,0.0
4,1400,KMeans,True,0.0
4,1500,none,False,0.0
4,1500,RND,True,0.0
4,1500,MIRW,True,0.0
4,1500,FFD,True,0.0
4,1500,KMeans,True,0.0
4,1600,none,False,0.0
4,1600,RND,True,0.0
4,1600,MIRW,True,0.0
4,1600,FFD,True,0.0
4,1600,KMeans,True,0.0
4,1700,none,False,0.0
4,1700,RND,True,0.0
4,1700,MIRW,True,0.0
4,1700,FFD,True,0.0
4,1700,KMeans,True,0.0
4,1800,none,False,0.0
4,1800,RND,True,0.0
4,1800,MIRW,True,0.0
4,1800,FFD,True,0.0
4,1800,KMeans,True,0.0
5,0,none,False,0.0
5,0,RND,True,0.0
5,0,MIRW,True,0.0
5,0,FFD,True,0.0
5,0,KMeans,True,1.0
5,100,none,False,0.0
5,100,RND,True,0.0
5,100,MIRW,True,0.0
5,100,FFD,True,0.0
5,100,KMeans,True,0.0
5,200,none,False,0.0
5,200,RND,True,0.0
5,200,MIRW,True,0.0
5,200,FFD,True,0.0
5,200,KMeans,True,0.0
5,300,none,False,0.0
5,300,RND,True,0.0
5,300,MIRW,True,0.0
5,300,FFD,True,0.0
5,300,KMeans,True,0.0
5,400,none,False,0.0
5,400,RND,True,0.0
5,400,MIRW,True,0.0
5,400,FFD,True,0.0
5,400,KMeans,True,0.0
5,500,none,False,0.0
5,500,RND,True,0.0
5,500,MIRW,True,0.0
5,500,FFD,True,0.0
5,500,KMeans,True,0.0
5,600,none,False,0.0
5,600,RND,True,0.0
5,600,MIRW,True,0.0
5,600,FFD,True,0.0
5,600,KMeans,True,0.0
5,700,none,False,0.0
5,700,RND,True,0.0
5,700,MIRW,True,0.0
5,700,FFD,True,0.0
5,700,KMeans,True,0.0
5,800,none,False,0.0
5,800,RND,True,0.0
5,800,MIRW,True,0.0
5,800,FFD,True,0.0
5,800,KMeans,True,0.0
5,900,none,False,0.0
5,900,RND,True,0.0
5,900,MIRW,True,0.0
5,900,FFD,True,0.0
5,900,KMeans,True,0.0
5,1000,none,False,0.0
5,1000,RND,True,0.0
5,1000,MIRW,True,0.0
5,1000,FFD,True,0.0
5,1000,KMeans,True,0.0
5,1100,none,False,0.0
5,1100,RND,True,0.0
5,1100,MIRW,True,0.0
5,1100,FFD,True,0.0
5,1100,KMeans,True,0.0
5,1200,none,False,0.0
5,1200,RND,True,0.0
5,1200,MIRW,True,0.0
5,1200,FFD,True,0.0
5,1200,KMeans,True,1.0
5,1300,none,False,0.0
5,1300,RND,True,0.0
5,1300,MIRW,True,0.0
5,1300,FFD,True,0.0
5,1300,KMeans,True,0.0
5,1400,none,False,0.0
5,1400,RND,True,0.0
5,1400,MIRW,True,0.0
5,1400,FFD,True,0.0
5,1400,KMeans,True,0.0
5,1500,none,False,0.0
5,1500,RND,True,0.0
5,1500,MIRW,True,0.0
5,1500,FFD,True,0.0
5,1500,KMeans,True,0.0
5,1600,none,False,0.0
5,1600,RND,True,0.0
5,1600,MIRW,True,0.0
5,1600,FFD,True,0.0
5,1600,KMeans,True,0.0
5,1700,none,False,0.0
5,1700,RND,True,0.0
5,1700,MIRW,True,0.0
5,1700,FFD,True,0.0
5,1700,KMeans,True,0.0
5,1800,none,False,0.0
5,1800,RND,True,0.0
5,1800,MIRW,True,0.0
5,1800,FFD,True,0.0
5,1800,KMeans,True,0.0
6,0,none,False,0.0
6,0,RND,True,0.0
6,0,MIRW,True,0.0
6,0,FFD,True,0.0
6,0,KMeans,True,1.0
6,100,none,False,0.0
6,100,RND,True,0.0
6,100,MIRW,True,0.0
6,100,FFD,True,0.0
6,100,KMeans,True,0.0
6,200,none,False,0.0
6,200,RND,True,0.0
6,200,MIRW,True,0.0
6,200,FFD,True,0.0
6,200,KMeans,True,0.0
6,300,none,False,0.0
6,300,RND,True,0.0
6,300,MIRW,True,0.0
6,300,FFD,True,0.0
6,300,KMeans,True,0.0
6,400,none,False,0.0
6,400,RND,True,0.0
6,400,MIRW,True,0.0
6,400,FFD,True,0.0
6,400,KMeans,True,0.0
6,500,none,False,0.0
6,500,RND,True,0.0
6,500,MIRW,True,0.0
6,500,FFD,True,0.0
6,500,KMeans,True,0.0
6,600,none,False,0.0
6,600,RND,True,0.0
6,600,MIRW,True,0.0
6,600,FFD,True,0.0
6,600,KMeans,True,0.0
6,700,none,False,0.0
6,700,RND,True,0.0
6,700,MIRW,True,0.0
6,700,FFD,True,0.0
6,700,KMeans,True,0.0
6,800,none,False,0.0
6,800,RND,True,0.0
6,800,MIRW,True,0.0
6,800,FFD,True,0.0
6,800,KMeans,True,0.0
6,900,none,False,0.0
6,900,RND,True,0.0
6,900,MIRW,True,0.0
6,900,FFD,True,0.0
6,900,KMeans,True,0.0
6,1000,none,False,0.0
6,1000,RND,True,0.0
6,1000,MIRW,True,0.0
6,1000,FFD,True,0.0
6,1000,KMeans,True,0.0
6,1100,none,False,0.0
6,1100,RND,True,0.0
6,1100,MIRW,True,0.0
6,1100,FFD,True,0.0
6,1100,KMeans,True,0.0
6,1200,none,False,0.0
6,1200,RND,True,0.0
6,1200,MIRW,True,0.0
6,1200,FFD,True,0.0
6,1200,KMeans,True,1.0
6,1300,none,False,0.0
6,1300,RND,True,0.0
6,1300,MIRW,True,0.0
6,1300,FFD,True,0.0
6,1300,KMeans,True,0.0
6,1400,none,False,0.0
6,1400,RND,True,0.0
6,1400,MIRW,True,0.0
6,1400,FFD,True,0.0
6,1400,KMeans,True,0.0
6,1500,none,False,0.0
6,1500,RND,True,0.0
6,1500,MIRW,True,0.0
6,1500,FFD,True,0.0
6,1500,KMeans,True,0.0
6,1600,none,False,0.0
6,1600,RND,True,0.0
6,1600,MIRW,True,0.0
6,1600,FFD,True,0.0
6,1600,KMeans,True,0.0
6,1700,none,False,0.0
6,1700,RND,True,0.0
6,1700,MIRW,True,0.0
6,1700,FFD,True,0.0
6,1700,KMeans,True,0.0
6,1800,none,False,0.0
6,1800,RND,True,0.0
6,1800,MIRW,True,0.0
6,1800,FFD,True,0.0
6,1800,KMeans,True,0.0
7,0,none,False,0.0
7,0,RND,True,0.0
7,0,MIRW,True,0.0
7,0,FFD,True,0.0
7,0,KMeans,True,1.0
7,100,none,False,0.0
7,100,RND,True,0.0
7,100,MIRW,True,0.0
7,100,FFD,True,0.0
7,100,KMeans,True,0.0
7,200,none,False,0.0
7,200,RND,True,0.0
7,200,MIRW,True,0.0
7,200,FFD,True,0.0
7,200,KMeans,True,0.0
7,300,none,False,0.0
7,300,RND,True,0.0
7,300,MIRW,True,0.0
7,300,FFD,True,0.0
7,300,KMeans,True,0.0
7,400,none,False,0.0
7,400,RND,True,0.0
7,400,MIRW,True,0.0
7,400,FFD,True,0.0
7,400,KMeans,True,0.0
7,500,none,False,0.0
7,500,RND,True,0.0
7,500,MIRW,True,0.0
7,500,FFD,True,0.0
7,500,KMeans,True,0.0
7,600,none,False,0.0
7,600,RND,True,0.0
7,600,MIRW,True,0.0
7,600,FFD,True,0.0
7,600,KMeans,True,0.0
7,700,none,False,0.0
7,700,RND,True,0.0
7,700,MIRW,True,0.0
7,700,FFD,True,0.0
7,700,KMeans,True,0.0
7,800,none,False,0.0
7,800,RND,True,0.0
7,800,MIRW,True,0.0
7,800,FFD,True,0.0
7,800,KMeans,True,0.0
7,900,none,False,0.0
7,900,RND,True,0.0
7,900,MIRW,True,0.0
7,900,FFD,True,0.0
7,900,KMeans,True,0.0
7,1000,none,False,0.0
7,1000,RND,True,0.0
7,1000,MIRW,True,0.0
7,1000,FFD,True,0.0
7,1000,KMeans,True,0.0
7,1100,none,False,0.0
7,1100,RND,True,0.0
7,1100,MIRW,True,0.0
7,1100,FFD,True,0.0
7,1100,KMeans,True,0.0
7,1200,none,False,0.0
7,1200,RND,True,0.0
7,1200,MIRW,True,0.0
7,1200,FFD,True,0.0
7,1200,KMeans,True,1.0
7,1300,none,False,0.0
7,1300,RND,True,0.0
7,1300,MIRW,True,0.0
7,1300,FFD,True,0.0
7,1300,KMeans,True,0.0
7,1400,none,False,0.0
7,1400,RND,True,0.0
7,1400,MIRW,True,0.0
7,1400,FFD,True,0.0
7,1400,KMeans,True,0.0
7,1500,none,False,0.0
7,1500,RND,True,0.0
7,1500,MIRW,True,0.0
7,1500,FFD,True,0.0
7,1500,KMeans,True,0.0
7,1600,none,False,0.0
7,1600,RND,True,0.0
7,1600,MIRW,True,0.0
7,1600,FFD,True,0.0
7,1600,KMeans,True,0.0
7,1700,none,False,0.0
7,1700,RND,True,0.0
7,1700,MIRW,True,0.0
7,1700,FFD,True,0.0
7,1700,KMeans,True,0.0
7,1800,none,False,0.0
7,1800,RND,True,0.0
7,1800,MIRW,True,0.0
7,1800,FFD,True,0.0
7,1800,KMeans,True,0.0
8,0,none,False,0.0
8,0,RND,True,0.0
8,0,MIRW,True,0.0
8,0,FFD,True,0.0
8,0,KMeans,True,1.0
8,100,none,False,0.0
8,100,RND,True,0.0
8,100,MIRW,True,0.0
8,100,FFD,True,0.0
8,100,KMeans,True,0.0
8,200,none,False,0.0
8,200,RND,True,0.0
8,200,MIRW,True,0.0
8,200,FFD,True,0.0
8,200,KMeans,True,0.0
8,300,none,False,0.0
8,300,RND,True,0.0
8,300,MIRW,True,0.0
8,300,FFD,True,0.0
8,300,KMeans,True,0.0
8,400,none,False,0.0
8,400,RND,True,0.0
8,400,MIRW,True,0.0
8,400,FFD,True,0.0
8,400,KMeans,True,0.0
8,500,none,False,0.0
8,500,RND,True,0.0
8,500,MIRW,True,0.0
8,500,FFD,True,0.0
8,500,KMeans,True,0.0
8,600,none,False,0.0
8,600,RND,True,0.0
8,600,MIRW,True,0.0
8,600,FFD,True,0.0
8,600,KMeans,True,0.0
8,700,none,False,0.0
8,700,RND,True,0.0
8,700,MIRW,True,0.0
8,700,FFD,True,0.0
8,700,KMeans,True,0.0
8,800,none,False,0.0
8,800,RND,True,0.0
8,800,MIRW,True,0.0
8,800,FFD,True,0.0
8,800,KMeans,True,0.0
8,900,none,False,0.0
8,900,RND,True,0.0
8,900,MIRW,True,0.0
8,900,FFD,True,0.0
8,900,KMeans,True,0.0
8,1000,none,False,0.0
8,1000,RND,True,0.0
8,1000,MIRW,True,0.0
8,1000,FFD,True,0.0
8,1000,KMeans,True,0.0
8,1100,none,False,0.0
8,1100,RND,True,0.0
8,1100,MIRW,True,0.0
8,1100,FFD,True,0.0
8,1100,KMeans,True,0.0
8,1200,none,False,0.0
8,1200,RND,True,0.0
8,1200,MIRW,True,0.0
8,1200,FFD,True,0.0
8,1200,KMeans,True,1.0
8,1300,none,False,0.0
8,1300,RND,True,0.0
8,1300,MIRW,True,0.0
8,1300,FFD,True,0.0
8,1300,KMeans,True,0.0
8,1400,none,False,0.0
8,1400,RND,True,0.0
8,1400,MIRW,True,0.0
8,1400,FFD,True,0.0
8,1400,KMeans,True,0.0
8,1500,none,False,0.0
8,1500,RND,True,0.0
8,1500,MIRW,True,0.0
8,1500,FFD,True,0.0
8,1500,KMeans,True,0.0
8,1600,none,False,0.0
8,1600,RND,True,0.0
8,1600,MIRW,True,0.0
8,1600,FFD,True,0.0
8,1600,KMeans,True,0.0
8,1700,none,False,0.0
8,1700,RND,True,0.0
8,1700,MIRW,True,0.0
8,1700,FFD,True,0.0
8,1700,KMeans,True,0.0
8,1800,none,False,0.0
8,1800,RND,True,0.0
8,1800,MIRW,True,0.0
8,1800,FFD,True,0.0
8,1800,KMeans,True,0.0
9,0,none,False,0.0
9,0,RND,True,0.0
9,0,MIRW,True,0.0
9,0,FFD,True,0.0
9,0,KMeans,True,1.0
9,100,none,False,0.0
9,100,RND,True,0.0
9,100,MIRW,True,0.0
9,100,FFD,True,0.0
9,100,KMeans,True,0.0
9,200,none,False,0.0
9,200,RND,True,0.0
9,200,MIRW,True,0.0
9,200,FFD,True,0.0
9,200,KMeans,True,0.0
9,300,none,False,0.0
9,300,RND,True,0.0
9,300,MIRW,True,0.0
9,300,FFD,True,0.0
9,300,KMeans,True,0.0
9,400,none,False,0.0
9,400,RND,True,0.0
9,400,MIRW,True,0.0
9,400,FFD,True,0.0
9,400,KMeans,True,0.0
9,500,none,False,0.0
9,500,RND,True,0.0
9,500,MIRW,True,0.0
9,500,FFD,True,0.0
9,500,KMeans,True,0.0
9,600,none,False,0.0
9,600,RND,True,0.0
9,600,MIRW,True,0.0
9,600,FFD,True,0.0
9,600,KMeans,True,0.0
9,700,none,False,0.0
9,700,RND,True,0.0
9,700,MIRW,True,0.0
9,700,FFD,True,0.0
9,700,KMeans,True,0.0
9,800,none,False,0.0
9,800,RND,True,0.0
9,800,MIRW,True,0.0
9,800,FFD,True,0.0
9,800,KMeans,True,0.0
9,900,none,False,0.0
9,900,RND,True,0.0
9,900,MIRW,True,0.0
9,900,FFD,True,0.0
9,900,KMeans,True,0.0
9,1000,none,False,0.0
9,1000,RND,True,0.0
9,1000,MIRW,True,0.0
9,1000,FFD,True,0.0
9,1000,KMeans,True,0.0
9,1100,none,False,0.0
9,1100,RND,True,0.0
9,1100,MIRW,True,0.0
9,1100,FFD,True,0.0
9,1100,KMeans,True,0.0
9,1200,none,False,0.0
9,1200,RND,True,0.0
9,1200,MIRW,True,0.0
9,1200,FFD,True,0.0
9,1200,KMeans,True,1.0
9,1300,none,False,0.0
9,1300,RND,True,0.0
9,1300,MIRW,True,0.0
9,1300,FFD,True,0.0
9,1300,KMeans,True,0.0
9,1400,none,False,0.0
9,1400,RND,True,0.0
9,1400,MIRW,True,0.0
9,1400,FFD,True,0.0
9,1400,KMeans,True,0.0
9,1500,none,False,0.0
9,1500,RND,True,0.0
9,1500,MIRW,True,0.0
9,1500,FFD,True,0.0
9,1500,KMeans,True,0.0
9,1600,none,False,0.0
9,1600,RND,True,0.0
9,1600,MIRW,True,0.0
9,1600,FFD,True,0.0
9,1600,KMeans,True,0.0
9,1700,none,False,0.0
9,1700,RND,True,0.0
9,1700,MIRW,True,0.0
9,1700,FFD,True,0.0
9,1700,KMeans,True,0.0
9,1800,none,False,0.0
9,1800,RND,True,0.0
9,1800,MIRW,True,0.0
9,1800,FFD,True,0.0
9,1800,KMeans,True,0.0
10,0,none,False,0.0
10,0,RND,True,0.0
10,0,MIRW,True,0.0
10,0,FFD,True,0.0
10,0,KMeans,True,1.0
10,100,none,False,0.0
10,100,RND,True,0.0
10,100,MIRW,True,0.0
10,100,FFD,True,0.0
10,100,KMeans,True,0.0
10,200,none,False,0.0
10,200,RND,True,0.0
10,200,MIRW,True,0.0
10,200,FFD,True,0.0
10,200,KMeans,True,0.0
10,300,none,False,0.0
10,300,RND,True,0.0
10,300,MIRW,True,0.0
10,300,FFD,True,0.0
10,300,KMeans,True,0.0
10,400,none,False,0.0
10,400,RND,True,0.0
10,400,MIRW,True,0.0
10,400,FFD,True,0.0
10,400,KMeans,True,0.0
10,500,none,False,0.0
10,500,RND,True,0.0
10,500,MIRW,True,0.0
10,500,FFD,True,0.0
10,500,KMeans,True,0.0
10,600,none,False,0.0
10,600,RND,True,0.0
10,600,MIRW,True,0.0
10,600,FFD,True,0.0
10,600,KMeans,True,0.0
10,700,none,False,0.0
10,700,RND,True,0.0
10,700,MIRW,True,0.0
10,700,FFD,True,0.0
10,700,KMeans,True,0.0
10,800,none,False,0.0
10,800,RND,True,0.0
10,800,MIRW,True,0.0
10,800,FFD,True,0.0
10,800,KMeans,True,0.0
10,900,none,False,0.0
10,900,RND,True,0.0
10,900,MIRW,True,0.0
10,900,FFD,True,0.0
10,900,KMeans,True,0.0
10,1000,none,False,0.0
10,1000,RND,True,0.0
10,1000,MIRW,True,0.0
10,1000,FFD,True,0.0
10,1000,KMeans,True,0.0
10,1100,none,False,0.0
10,1100,RND,True,0.0
10,1100,MIRW,True,0.0
10,1100,FFD,True,0.0
10,1100,KMeans,True,0.0
10,1200,none,False,0.0
10,1200,RND,True,0.0
10,1200,MIRW,True,0.0
10,1200,FFD,True,0.0
10,1200,KMeans,True,1.0
10,1300,none,False,0.0
10,1300,RND,True,0.0
10,1300,MIRW,True,0.0
10,1300,FFD,True,0.0
10,1300,KMeans,True,0.0
10,1400,none,False,0.0
10,1400,RND,True,0.0
10,1400,MIRW,True,0.0
10,1400,FFD,True,0.0
10,1400,KMeans,True,0.0
10,1500,none,False,0.0
10,1500,RND,True,0.0
10,1500,MIRW,True,0.0
10,1500,FFD,True,0.0
10,1500,KMeans,True,0.0
10,1600,none,False,0.0
10,1600,RND,True,0.0
10,1600,MIRW,True,0.0
10,1600,FFD,True,0.0
10,1600,KMeans,True,0.0
10,1700,none,False,0.0
10,1700,RND,True,0.0
10,1700,MIRW,True,0.0
10,1700,FFD,True,0.0
10,1700,KMeans,True,0.0
10,1800,none,False,0.0
10,1800,RND,True,0.0
10,1800,MIRW,True,0.0
10,1800,FFD,True,0.0
10,1800,KMeans,True,0.0
11,0,none,False,0.0
11,0,RND,True,0.0
11,0,MIRW,True,0.0
11,0,FFD,True,0.0
11,0,KMeans,True,1.0
11,100,none,False,0.0
11,100,RND,True,0.0
11,100,MIRW,True,0.0
11,100,FFD,True,0.0
11,100,KMeans,True,0.0
11,200,none,False,0.0
11,200,RND,True,0.0
11,200,MIRW,True,0.0
11,200,FFD,True,0.0
11,200,KMeans,True,0.0
11,300,none,False,0.0
11,300,RND,True,0.0
11,300,MIRW,True,0.0
11,300,FFD,True,0.0
11,300,KMeans,True,0.0
11,400,none,False,0.0
11,400,RND,True,0.0
11,400,MIRW,True,0.0
11,400,FFD,True,0.0
11,400,KMeans,True,0.0
11,500,none,False,0.0
11,500,RND,True,0.0
11,500,MIRW,True,0.0
11,500,FFD,True,0.0
11,500,KMeans,True,0.0
11,600,none,False,0.0
11,600,RND,True,0.0
11,600,MIRW,True,0.0
11,600,FFD,True,0.0
11,600,KMeans,True,0.0
11,700,none,False,0.0
11,700,RND,True,0.0
11,700,MIRW,True,0.0
11,700,FFD,True,0.0
11,700,KMeans,True,0.0
11,800,none,False,0.0
11,800,RND,True,0.0
11,800,MIRW,True,0.0
11,800,FFD,True,0.0
11,800,KMeans,True,0.0
11,900,none,False,0.0
11,900,RND,True,0.0
11,900,MIRW,True,0.0
11,900,FFD,True,0.0
11,900,KMeans,True,0.0
11,1000,none,False,0.0
11,1000,RND,True,0.0
11,1000,MIRW,True,0.0
11,1000,FFD,True,0.0
11,1000,KMeans,True,0.0
11,1100,none,False,0.0
11,1100,RND,True,0.0
11,1100,MIRW,True,0.0
11,1100,FFD,True,0.0
11,1100,KMeans,True,0.0
11,1200,none,False,0.0
11,1200,RND,True,0.0
11,1200,MIRW,True,0.0
11,1200,FFD,True,0.0
11,1200,KMeans,True,1.0
11,1300,none,False,0.0
11,1300,RND,True,0.0
11,1300,MIRW,True,0.0
11,1300,FFD,True,0.0
11,1300,KMeans,True,0.0
11,1400,none,False,0.0
11,1400,RND,True,0.0
11,1400,MIRW,True,0.0
11,1400,FFD,True,0.0
11,1400,KMeans,True,0.0
11,1500,none,False,0.0
11,1500,RND,True,0.0
11,1500,MIRW,True,0.0
11,1500,FFD,True,0.0
11,1500,KMeans,True,0.0
11,1600,none,False,0.0
11,1600,RND,True,0.0
11,1600,MIRW,True,0.0
11,1600,FFD,True,0.0
11,1600,KMeans,True,0.0
11,1700,none,False,0.0
11,1700,RND,True,0.0
11,1700,MIRW,True,0.0
11,1700,FFD,True,0.0
11,1700,KMeans,True,0.0
11,1800,none,False,0.0
11,1800,RND,True,0.0
11,1800,MIRW,True,0.0
11,1800,FFD,True,0.0
11,1800,KMeans,True,0.0
12,0,none,False,0.0
12,0,RND,True,0.0
12,0,MIRW,True,0.0
12,0,FFD,True,0.0
12,0,KMeans,True,1.0
12,100,none,False,0.0
12,100,RND,True,0.0
12,100,MIRW,True,0.0
12,100,FFD,True,0.0
12,100,KMeans,True,0.0
12,200,none,False,0.0
12,200,RND,True,0.0
12,200,MIRW,True,0.0
12,200,FFD,True,0.0
12,200,KMeans,True,0.0
12,300,none,False,0.0
12,300,RND,True,0.0
12,300,MIRW,True,0.0
12,300,FFD,True,0.0
12,300,KMeans,True,0.0
12,400,none,False,0.0
12,400,RND,True,0.0
12,400,MIRW,True,0.0
12,400,FFD,True,0.0
12,400,KMeans,True,0.0
12,500,none,False,0.0
12,500,RND,True,0.0
12,500,MIRW,True,0.0
12,500,FFD,True,0.0
12,500,KMeans,True,0.0
12,600,none,False,0.0
12,600,RND,True,0.0
12,600,MIRW,True,0.0
12,600,FFD,True,0.0
12,600,KMeans,True,0.0
12,700,none,False,0.0
12,700,RND,True,0.0
12,700,MIRW,True,0.0
12,700,FFD,True,0.0
12,700,KMeans,True,0.0
12,800,none,False,0.0
12,800,RND,True,0.0
12,800,MIRW,True,0.0
12,800,FFD,True,0.0
12,800,KMeans,True,0.0
12,900,none,False,0.0
12,900,RND,True,0.0
12,900,MIRW,True,0.0
12,900,FFD,True,0.0
12,900,KMeans,True,0.0
12,1000,none,False,0.0
12,1000,RND,True,0.0
12,1000,MIRW,True,0.0
12,1000,FFD,True,0.0
12,1000,KMeans,True,0.0
12,1100,none,False,0.0
12,1100,RND,True,0.0
12,1100,MIRW,True,0.0
12,1100,FFD,True,0.0
12,1100,KMeans,True,0.0
12,1200,none,False,0.0
12,1200,RND,True,0.0
12,1200,MIRW,True,0.0
12,1200,FFD,True,0.0
12,1200,KMeans,True,1.0
12,1300,none,False,0.0
12,1300,RND,True,0.0
12,1300,MIRW,True,0.0
12,1300,FFD,True,0.0
12,1300,KMeans,True,0.0
12,1400,none,False,0.0
12,1400,RND,True,0.0
12,1400,MIRW,True,0.0
12,1400,FFD,True,0.0
12,1400,KMeans,True,0.0
12,1500,none,False,0.0
12,1500,RND,True,0.0
12,1500,MIRW,True,0.0
12,1500,FFD,True,0.0
12,1500,KMeans,True,0.0
12,1600,none,False,0.0
12,1600,RND,True,0.0
12,1600,MIRW,True,0.0
12,1600,FFD,True,0.0
12,1600,KMeans,True,0.0
12,1700,none,False,0.0
12,1700,RND,True,0.0
12,1700,MIRW,True,0.0
12,1700,FFD,True,0.0
12,1700,KMeans,True,0.0
12,1800,none,False,0.0
12,1800,RND,True,0.0
12,1800,MIRW,True,0.0
12,1800,FFD,True,0.0
12,1800,KMeans,True,0.0
13,0,none,False,0.0
13,0,RND,True,0.0
13,0,MIRW,True,0.0
13,0,FFD,True,0.0
13,0,KMeans,True,1.0
13,100,none,False,0.0
13,100,RND,True,0.0
13,100,MIRW,True,0.0
13,100,FFD,True,0.0
13,100,KMeans,True,0.0
13,200,none,False,0.0
13,200,RND,True,0.0
13,200,MIRW,True,0.0
13,200,FFD,True,0.0
13,200,KMeans,True,0.0
13,300,none,False,0.0
13,300,RND,True,0.0
13,300,MIRW,True,0.0
13,300,FFD,True,0.0
13,300,KMeans,True,0.0
13,400,none,False,0.0
13,400,RND,True,0.0
13,400,MIRW,True,0.0
13,400,FFD,True,0.0
13,400,KMeans,True,0.0
13,500,none,False,0.0
13,500,RND,True,0.0
13,500,MIRW,True,0.0
13,500,FFD,True,0.0
13,500,KMeans,True,0.0
13,600,none,False,0.0
13,600,RND,True,0.0
13,600,MIRW,True,0.0
13,600,FFD,True,0.0
13,600,KMeans,True,0.0
13,700,none,False,0.0
13,700,RND,True,0.0
13,700,MIRW,True,0.0
13,700,FFD,True,0.0
13,700,KMeans,True,0.0
13,800,none,False,0.0
13,800,RND,True,0.0
13,800,MIRW,True,0.0
13,800,FFD,True,0.0
13,800,KMeans,True,0.0
13,900,none,False,0.0
13,900,RND,True,0.0
13,900,MIRW,True,0.0
13,900,FFD,True,0.0
13,900,KMeans,True,0.0
13,1000,none,False,0.0
13,1000,RND,True,0.0
13,1000,MIRW,True,0.0
13,1000,FFD,True,0.0
13,1000,KMeans,True,0.0
13,1100,none,False,0.0
13,1100,RND,True,0.0
13,1100,MIRW,True,0.0
13,1100,FFD,True,0.0
13,1100,KMeans,True,0.0
13,1200,none,False,0.0
13,1200,RND,True,0.0
13,1200,MIRW,True,0.0
13,1200,FFD,True,0.0
13,1200,KMeans,True,1.0
13,1300,none,False,0.0
13,1300,RND,True,0.0
13,1300,MIRW,True,0.0
13,1300,FFD,True,0.0
13,1300,KMeans,True,0.0
13,1400,none,False,0.0
13,1400,RND,True,0.0
13,1400,MIRW,True,0.0
13,1400,FFD,True,0.0
13,1400,KMeans,True,0.0
13,1500,none,False,0.0
13,1500,RND,True,0.0
13,1500,MIRW,True,0.0
13,1500,FFD,True,0.0
13,1500,KMeans,True,0.0
13,1600,none,False,0.0
13,1600,RND,True,0.0
13,1600,MIRW,True,0.0
13,1600,FFD,True,0.0
13,1600,KMeans,True,0.0
13,1700,none,False,0.0
13,1700,RND,True,0.0
13,1700,MIRW,True,0.0
13,1700,FFD,True,0.0
13,1700,KMeans,True,0.0
13,1800,none,False,0.0
13,1800,RND,True,0.0
13,1800,MIRW,True,0.0
13,1800,FFD,True,0.0
13,1800,KMeans,True,0.0
14,0,none,False,0.0
14,0,RND,True,0.0
14,0,MIRW,True,0.0
14,0,FFD,True,0.0
14,0,KMeans,True,1.0
14,100,none,False,0.0
14,100,RND,True,0.0
14,100,MIRW,True,0.0
14,100,FFD,True,0.0
14,100,KMeans,True,0.0
14,200,none,False,0.0
14,200,RND,True,0.0
14,200,MIRW,True,0.0
14,200,FFD,True,0.0
14,200,KMeans,True,0.0
14,300,none,False,0.0
14,300,RND,True,0.0
14,300,MIRW,True,0.0
14,300,FFD,True,0.0
14,300,KMeans,True,0.0
14,400,none,False,0.0
14,400,RND,True,0.0
14,400,MIRW,True,0.0
14,400,FFD,True,0.0
14,400,KMeans,True,0.0
14,500,none,False,0.0
14,500,RND,True,0.0
14,500,MIRW,True,0.0
14,500,FFD,True,0.0
14,500,KMeans,True,0.0
14,600,none,False,0.0
14,600,RND,True,0.0
14,600,MIRW,True,0.0
14,600,FFD,True,0.0
14,600,KMeans,True,0.0
14,700,none,False,0.0
14,700,RND,True,0.0
14,700,MIRW,True,0.0
14,700,FFD,True,0.0
14,700,KMeans,True,0.0
14,800,none,False,0.0
14,800,RND,True,0.0
14,800,MIRW,True,0.0
14,800,FFD,True,0.0
14,800,KMeans,True,0.0
14,900,none,False,0.0
14,900,RND,True,0.0
14,900,MIRW,True,0.0
14,900,FFD,True,0.0
14,900,KMeans,True,0.0
14,1000,none,False,0.0
14,1000,RND,True,0.0
14,1000,MIRW,True,0.0
14,1000,FFD,True,0.0
14,1000,KMeans,True,0.0
14,1100,none,False,0.0
14,1100,RND,True,0.0
14,1100,MIRW,True,0.0
14,1100,FFD,True,0.0
14,1100,KMeans,True,0.0
14,1200,none,False,0.0
14,1200,RND,True,0.0
14,1200,MIRW,True,0.0
14,1200,FFD,True,0.0
14,1200,KMeans,True,1.0
14,1300,none,False,0.0
14,1300,RND,True,0.0
14,1300,MIRW,True,0.0
14,1300,FFD,True,0.0
14,1300,KMeans,True,0.0
14,1400,none,False,0.0
14,1400,RND,True,0.0
14,1400,MIRW,True,0.0
14,1400,FFD,True,0.0
14,1400,KMeans,True,0.0
14,1500,none,False,0.0
14,1500,RND,True,0.0
14,1500,MIRW,True,0.0
14,1500,FFD,True,0.0
14,1500,KMeans,True,0.0
14,1600,none,False,0.0
14,1600,RND,True,0.0
14,1600,MIRW,True,0.0
14,1600,FFD,True,0.0
14,1600,KMeans,True,0.0
14,1700,none,False,0.0
14,1700,RND,True,0.0
14,1700,MIRW,True,0.0
14,1700,FFD,True,0.0
14,1700,KMeans,True,0.0
14,1800,none,False,0.0
14,1800,RND,True,0.0
14,1800,MIRW,True,0.0
14,1800,FFD,True,0.0
14,1800,KMeans,True,0.0
15,0,none,False,0.0
15,0,RND,True,0.0
15,0,MIRW,True,0.0
15,0,FFD,True,0.0
15,0,KMeans,True,1.0
15,100,none,False,0.0
15,100,RND,True,0.0
15,100,MIRW,True,0.0
15,100,FFD,True,0.0
15,100,KMeans,True,0.0
15,200,none,False,0.0
15,200,RND,True,0.0
15,200,MIRW,True,0.0
15,200,FFD,True,0.0
15,200,KMeans,True,0.0
15,300,none,False,0.0
15,300,RND,True,0.0
15,300,MIRW,True,0.0
15,300,FFD,True,0.0
15,300,KMeans,True,0.0
15,400,none,False,0.0
15,400,RND,True,0.0
15,400,MIRW,True,0.0
15,400,FFD,True,0.0
15,400,KMeans,True,0.0
15,500,none,False,0.0
15,500,RND,True,0.0
15,500,MIRW,True,0.0
15,500,FFD,True,0.0
15,500,KMeans,True,0.0
15,600,none,False,0.0
15,600,RND,True,0.0
15,600,MIRW,True,0.0
15,600,FFD,True,0.0
15,600,KMeans,True,0.0
15,700,none,False,0.0
15,700,RND,True,0.0
15,700,MIRW,True,0.0
15,700,FFD,True,0.0
15,700,KMeans,True,0.0
15,800,none,False,0.0
15,800,RND,True,0.0
15,800,MIRW,True,0.0
15,800,FFD,True,0.0
15,800,KMeans,True,0.0
15,900,none,False,0.0
15,900,RND,True,0.0
15,900,MIRW,True,0.0
15,900,FFD,True,0.0
15,900,KMeans,True,0.0
15,1000,none,False,0.0
15,1000,RND,True,0.0
15,1000,MIRW,True,0.0
15,1000,FFD,True,0.0
15,1000,KMeans,True,0.0
15,1100,none,False,0.0
15,1100,RND,True,0.0
15,1100,MIRW,True,0.0
15,1100,FFD,True,0.0
15,1100,KMeans,True,0.0
15,1200,none,False,0.0
15,1200,RND,True,0.0
15,1200,MIRW,True,0.0
15,1200,FFD,True,0.0
15,1200,KMeans,True,1.0
15,1300,none,False,0.0
15,1300,RND,True,0.0
15,1300,MIRW,True,0.0
15,1300,FFD,True,0.0
15,1300,KMeans,True,0.0
15,1400,none,False,0.0
15,1400,RND,True,0.0
15,1400,MIRW,True,0.0
15,1400,FFD,True,0.0
15,1400,KMeans,True,0.0
15,1500,none,False,0.0
15,1500,RND,True,0.0
15,1500,MIRW,True,0.0
15,1500,FFD,True,0.0
15,1500,KMeans,True,0.0
15,1600,none,False,0.0
15,1600,RND,True,0.0
15,1600,MIRW,True,0.0
15,1600,FFD,True,0.0
15,1600,KMeans,True,0.0
15,1700,none,False,0.0
15,1700,RND,True,0.0
15,1700,MIRW,True,0.0
15,1700,FFD,True,0.0
15,1700,KMeans,True,0.0
15,1800,none,False,0.0
15,1800,RND,True,0.0
15,1800,MIRW,True,0.0
15,1800,FFD,True,0.0
15,1800,KMeans,True,0.0
16,0,none,False,0.0
16,0,RND,True,0.0
16,0,MIRW,True,0.0
16,0,FFD,True,0.0
16,0,KMeans,True,1.0
16,100,none,False,0.0
16,100,RND,True,0.0
16,100,MIRW,True,0.0
16,100,FFD,True,0.0
16,100,KMeans,True,0.0
16,200,none,False,0.0
16,200,RND,True,0.0
16,200,MIRW,True,0.0
16,200,FFD,True,0.0
16,200,KMeans,True,0.0
16,300,none,False,0.0
16,300,RND,True,0.0
16,300,MIRW,True,0.0
16,300,FFD,True,0.0
16,300,KMeans,True,0.0
16,400,none,False,0.0
16,400,RND,True,0.0
16,400,MIRW,True,0.0
16,400,FFD,True,0.0
16,400,KMeans,True,0.0
16,500,none,False,0.0
16,500,RND,True,0.0
16,500,MIRW,True,0.0
16,500,FFD,True,0.0
16,500,KMeans,True,0.0
16,600,none,False,0.0
16,600,RND,True,0.0
16,600,MIRW,True,0.0
16,600,FFD,True,0.0
16,600,KMeans,True,0.0
16,700,none,False,0.0
16,700,RND,True,0.0
16,700,MIRW,True,0.0
16,700,FFD,True,0.0
16,700,KMeans,True,0.0
16,800,none,False,0.0
16,800,RND,True,0.0
16,800,MIRW,True,0.0
16,800,FFD,True,0.0
16,800,KMeans,True,0.0
16,900,none,False,0.0
16,900,RND,True,0.0
16,900,MIRW,True,0.0
16,900,FFD,True,0.0
16,900,KMeans,True,0.0
16,1000,none,False,0.0
16,1000,RND,True,0.0
16,1000,MIRW,True,0.0
16,1000,FFD,True,0.0
16,1000,KMeans,True,0.0
16,1100,none,False,0.0
16,1100,RND,True,0.0
16,1100,MIRW,True,0.0
16,1100,FFD,True,0.0
16,1100,KMeans,True,0.0
16,1200,none,False,0.0
16,1200,RND,True,0.0
16,1200,MIRW,True,0.0
16,1200,FFD,True,0.0
16,1200,KMeans,True,1.0
16,1300,none,False,0.0
16,1300,RND,True,0.0
16,1300,MIRW,True,0.0
16,1300,FFD,True,0.0
16,1300,KMeans,True,0.0
16,1400,none,False,0.0
16,1400,RND,True,0.0
16,1400,MIRW,True,0.0
16,1400,FFD,True,0.0
16,1400,KMeans,True,0.0
16,1500,none,False,0.0
16,1500,RND,True,0.0
16,1500,MIRW,True,0.0
16,1500,FFD,True,0.0
16,1500,KMeans,True,0.0
16,1600,none,False,0.0
16,1600,RND,True,0.0
16,1600,MIRW,True,0.0
16,1600,FFD,True,0.0
16,1600,KMeans,True,0.0
16,1700,none,False,0.0
16,1700,RND,True,0.0
16,1700,MIRW,True,0.0
16,1700,FFD,True,0.0
16,1700,KMeans,True,0.0
16,1800,none,False,0.0
16,1800,RND,True,0.0
16,1800,MIRW,True,0.0
16,1800,FFD,True,0.0
16,1800,KMeans,True,0.0
17,0,none,False,0.0
17,0,RND,True,0.0
17,0,MIRW,True,0.0
17,0,FFD,True,0.0
17,0,KMeans,True,1.0
17,100,none,False,0.0
17,100,RND,True,0.0
17,100,MIRW,True,0.0
17,100,FFD,True,0.0
17,100,KMeans,True,0.0
17,200,none,False,0.0
17,200,RND,True,0.0
17,200,MIRW,True,0.0
17,200,FFD,True,0.0
17,200,KMeans,True,0.0
17,300,none,False,0.0
17,300,RND,True,0.0
17,300,MIRW,True,0.0
17,300,FFD,True,0.0
17,300,KMeans,True,0.0
17,400,none,False,0.0
17,400,RND,True,0.0
17,400,MIRW,True,0.0
17,400,FFD,True,0.0
17,400,KMeans,True,0.0
17,500,none,False,0.0
17,500,RND,True,0.0
17,500,MIRW,True,0.0
17,500,FFD,True,0.0
17,500,KMeans,True,0.0
17,600,none,False,0.0
17,600,RND,True,0.0
17,600,MIRW,True,0.0
17,600,FFD,True,0.0
17,600,KMeans,True,0.0
17,700,none,False,0.0
17,700,RND,True,0.0
17,700,MIRW,True,0.0
17,700,FFD,True,0.0
17,700,KMeans,True,0.0
17,800,none,False,0.0
17,800,RND,True,0.0
17,800,MIRW,True,0.0
17,800,FFD,True,0.0
17,800,KMeans,True,0.0
17,900,none,False,0.0
17,900,RND,True,0.0
17,900,MIRW,True,0.0
17,900,FFD,True,0.0
17,900,KMeans,True,0.0
17,1000,none,False,0.0
17,1000,RND,True,0.0
17,1000,MIRW,True,0.0
17,1000,FFD,True,0.0
17,1000,KMeans,True,0.0
17,1100,none,False,0.0
17,1100,RND,True,0.0
17,1100,MIRW,True,0.0
17,1100,FFD,True,0.0
17,1100,KMeans,True,0.0
17,1200,none,False,0.0
17,1200,RND,True,0.0
17,1200,MIRW,True,0.0
17,1200,FFD,True,0.0
17,1200,KMeans,True,1.0
17,1300,none,False,0.0
17,1300,RND,True,0.0
17,1300,MIRW,True,0.0
17,1300,FFD,True,0.0
17,1300,KMeans,True,0.0
17,1400,none,False,0.0
17,1400,RND,True,0.0
17,1400,MIRW,True,0.0
17,1400,FFD,True,0.0
17,1400,KMeans,True,0.0
17,1500,none,False,0.0
17,1500,RND,True,0.0
17,1500,MIRW,True,0.0
17,1500,FFD,True,0.0
17,1500,KMeans,True,0.0
17,1600,none,False,0.0
17,1600,RND,True,0.0
17,1600,MIRW,True,0.0
17,1600,FFD,True,0.0
17,1600,KMeans,True,0.0
17,1700,none,False,0.0
17,1700,RND,True,0.0
17,1700,MIRW,True,0.0
17,1700,FFD,True,0.0
17,1700,KMeans,True,0.0
17,1800,none,False,0.0
17,1800,RND,True,0.0
17,1800,MIRW,True,0.0
17,1800,FFD,True,0.0
17,1800,KMeans,True,0.0
18,0,none,False,0.0
18,0,RND,True,0.0
18,0,MIRW,True,0.0
18,0,FFD,True,0.0
18,0,KMeans,True,1.0
18,100,none,False,0.0
18,100,RND,True,0.0
18,100,MIRW,True,0.0
18,100,FFD,True,0.0
18,100,KMeans,True,0.0
18,200,none,False,0.0
18,200,RND,True,0.0
18,200,MIRW,True,0.0
18,200,FFD,True,0.0
18,200,KMeans,True,0.0
18,300,none,False,0.0
18,300,RND,True,0.0
18,300,MIRW,True,0.0
18,300,FFD,True,0.0
18,300,KMeans,True,0.0
18,400,none,False,0.0
18,400,RND,True,0.0
18,400,MIRW,True,0.0
18,400,FFD,True,0.0
18,400,KMeans,True,0.0
18,500,none,False,0.0
18,500,RND,True,0.0
18,500,MIRW,True,0.0
18,500,FFD,True,0.0
18,500,KMeans,True,0.0
18,600,none,False,0.0
18,600,RND,True,0.0
18,600,MIRW,True,0.0
18,600,FFD,True,0.0
18,600,KMeans,True,0.0
18,700,none,False,0.0
18,700,RND,True,0.0
18,700,MIRW,True,0.0
18,700,FFD,True,0.0
18,700,KMeans,True,0.0
18,800,none,False,0.0
18,800,RND,True,0.0
18,800,MIRW,True,0.0
18,800,FFD,True,0.0
18,800,KMeans,True,0.0
18,900,none,False,0.0
18,900,RND,True,0.0
18,900,MIRW,True,0.0
18,900,FFD,True,0.0
18,900,KMeans,True,0.0
18,1000,none,False,0.0
18,1000,RND,True,0.0
18,1000,MIRW,True,0.0
18,1000,FFD,True,0.0
18,1000,KMeans,True,0.0
18,1100,none,False,0.0
18,1100,RND,True,0.0
18,1100,MIRW,True,0.0
18,1100,FFD,True,0.0
18,1100,KMeans,True,0.0
18,1200,none,False,0.0
18,1200,RND,True,0.0
18,1200,MIRW,True,0.0
18,1200,FFD,True,0.0
18,1200,KMeans,True,1.0
18,1300,none,False,0.0
18,1300,RND,True,0.0
18,1300,MIRW,True,0.0
18,1300,FFD,True,0.0
18,1300,KMeans,True,0.0
18,1400,none,False,0.0
18,1400,RND,True,0.0
18,1400,MIRW,True,0.0
18,1400,FFD,True,0.0
18,1400,KMeans,True,0.0
18,1500,none,False,0.0
18,1500,RND,True,0.0
18,1500,MIRW,True,0.0
18,1500,FFD,True,0.0
18,1500,KMeans,True,0.0
18,1600,none,False,0.0
18,1600,RND,True,0.0
18,1600,MIRW,True,0.0
18,1600,FFD,True,0.0
18,1600,KMeans,True,0.0
18,1700,none,False,0.0
18,1700,RND,True,0.0
18,1700,MIRW,True,0.0
18,1700,FFD,True,0.0
18,1700,KMeans,True,0.0
18,1800,none,False,0.0
18,1800,RND,True,0.0
18,1800,MIRW,True,0.0
18,1800,FFD,True,0.0
18,1800,KMeans,True,0.0
19,0,none,False,0.0
19,0,RND,True,0.0
19,0,MIRW,True,0.0
19,0,FFD,True,0.0
19,0,KMeans,True,1.0
19,100,none,False,0.0
19,100,RND,True,0.0
19,100,MIRW,True,0.0
19,100,FFD,True,0.0
19,100,KMeans,True,0.0
19,200,none,False,0.0
19,200,RND,True,0.0
19,200,MIRW,True,0.0
19,200,FFD,True,0.0
19,200,KMeans,True,0.0
19,300,none,False,0.0
19,300,RND,True,0.0
19,300,MIRW,True,0.0
19,300,FFD,True,0.0
19,300,KMeans,True,0.0
19,400,none,False,0.0
19,400,RND,True,0.0
19,400,MIRW,True,0.0
19,400,FFD,True,0.0
19,400,KMeans,True,0.0
19,500,none,False,0.0
19,500,RND,True,0.0
19,500,MIRW,True,0.0
19,500,FFD,True,0.0
19,500,KMeans,True,0.0
19,600,none,False,0.0
19,600,RND,True,0.0
19,600,MIRW,True,0.0
19,600,FFD,True,0.0
19,600,KMeans,True,0.0
19,700,none,False,0.0
19,700,RND,True,0.0
19,700,MIRW,True,0.0
19,700,FFD,True,0.0
19,700,KMeans,True,0.0
19,800,none,False,0.0
19,800,RND,True,0.0
19,800,MIRW,True,0.0
19,800,FFD,True,0.0
19,800,KMeans,True,0.0
19,900,none,False,0.0
19,900,RND,True,0.0
19,900,MIRW,True,0.0
19,900,FFD,True,0.0
19,900,KMeans,True,0.0
19,1000,none,False,0.0
19,1000,RND,True,0.0
19,1000,MIRW,True,0.0
19,1000,FFD,True,0.0
19,1000,KMeans,True,0.0
19,1100,none,False,0.0
19,1100,RND,True,0.0
19,1100,MIRW,True,0.0
19,1100,FFD,True,0.0
19,1100,KMeans,True,0.0
19,1200,none,False,0.0
19,1200,RND,True,0.0
19,1200,MIRW,True,0.0
19,1200,FFD,True,0.0
19,1200,KMeans,True,1.0
19,1300,none,False,0.0
19,1300,RND,True,0.0
19,1300,MIRW,True,0.0
19,1300,FFD,True,0.0
19,1300,KMeans,True,0.0
19,1400,none,False,0.0
19,1400,RND,True,0.0
19,1400,MIRW,True,0.0
19,1400,FFD,True,0.0
19,1400,KMeans,True,0.0
19,1500,none,False,0.0
19,1500,RND,True,0.0
19,1500,MIRW,True,0.0
19,1500,FFD,True,0.0
19,1500,KMeans,True,0.0
19,1600,none,False,0.0
19,1600,RND,True,0.0
19,1600,MIRW,True,0.0
19,1600,FFD,True,0.0
19,1600,KMeans,True,0.0
19,1700,none,False,0.0
19,1700,RND,True,0.0
19,1700,MIRW,True,0.0
19,1700,FFD,True,0.0
19,1700,KMeans,True,0.0
19,1800,none,False,0.0
19,1800,RND,True,0.0
19,1800,MIRW,True,0.0
19,1800,FFD,True,0.0
19,1800,KMeans,True,0.0
20,0,none,False,0.0
20,0,RND,True,0.0
20,0,MIRW,True,0.0
20,0,FFD,True,0.0
20,0,KMeans,True,1.0
20,100,none,False,0.0
20,100,RND,True,0.0
20,100,MIRW,True,0.0
20,100,FFD,True,0.0
20,100,KMeans,True,0.0
20,200,none,False,0.0
20,200,RND,True,0.0
20,200,MIRW,True,0.0
20,200,FFD,True,0.0
20,200,KMeans,True,0.0
20,300,none,False,0.0
20,300,RND,True,0.0
20,300,MIRW,True,0.0
20,300,FFD,True,0.0
20,300,KMeans,True,0.0
20,400,none,False,0.0
20,400,RND,True,0.0
20,400,MIRW,True,0.0
20,400,FFD,True,0.0
20,400,KMeans,True,0.0
20,500,none,False,0.0
20,500,RND,True,0.0
20,500,MIRW,True,0.0
20,500,FFD,True,0.0
20,500,KMeans,True,0.0
20,600,none,False,0.0
20,600,RND,True,0.0
20,600,MIRW,True,0.0
20,600,FFD,True,0.0
20,600,KMeans,True,0.0
20,700,none,False,0.0
20,700,RND,True,0.0
20,700,MIRW,True,0.0
20,700,FFD,True,0.0
20,700,KMeans,True,0.0
20,800,none,False,0.0
20,800,RND,True,0.0
20,800,MIRW,True,0.0
20,800,FFD,True,0.0
20,800,KMeans,True,0.0
20,900,none,False,0.0
20,900,RND,True,0.0
20,900,MIRW,True,0.0
20,900,FFD,True,0.0
20,900,KMeans,True,0.0
20,1000,none,False,0.0
20,1000,RND,True,0.0
20,1000,MIRW,True,0.0
20,1000,FFD,True,0.0
20,1000,KMeans,True,0.0
20,1100,none,False,0.0
20,1100,RND,True,0.0
20,1100,MIRW,True,0.0
20,1100,FFD,True,0.0
20,1100,KMeans,True,0.0
20,1200,none,False,0.0
20,1200,RND,True,0.0
20,1200,MIRW,True,0.0
20,1200,FFD,True,0.0
20,1200,KMeans,True,1.0
20,1300,none,False,0.0
20,1300,RND,True,0.0
20,1300,MIRW,True,0.0
20,1300,FFD,True,0.0
20,1300,KMeans,True,0.0
20,1400,none,False,0.0
20,1400,RND,True,0.0
20,1400,MIRW,True,0.0
20,1400,FFD,True,0.0
20,1400,KMeans,True,0.0
20,1500,none,False,0.0
20,1500,RND,True,0.0
20,1500,MIRW,True,0.0
20,1500,FFD,True,0.0
20,1500,KMeans,True,0.0
20,1600,none,False,0.0
20,1600,RND,True,0.0
20,1600,MIRW,True,0.0
20,1600,FFD,True,0.0
20,1600,KMeans,True,0.0
20,1700,none,False,0.0
20,1700,RND,True,0.0
20,1700,MIRW,True,0.0
20,1700,FFD,True,0.0
20,1700,KMeans,True,0.0
20,1800,none,False,0.0
20,1800,RND,True,0.0
20,1800,MIRW,True,0.0
20,1800,FFD,True,0.0
20,1800,KMeans,True,0.0
21,0,none,False,0.0
21,0,RND,True,0.0
21,0,MIRW,True,0.0
21,0,FFD,True,0.0
21,0,KMeans,True,1.0
21,100,none,False,0.0
21,100,RND,True,0.0
21,100,MIRW,True,0.0
21,100,FFD,True,0.0
21,100,KMeans,True,0.0
21,200,none,False,0.0
21,200,RND,True,0.0
21,200,MIRW,True,0.0
21,200,FFD,True,0.0
21,200,KMeans,True,0.0
21,300,none,False,0.0
21,300,RND,True,0.0
21,300,MIRW,True,0.0
21,300,FFD,True,0.0
21,300,KMeans,True,0.0
21,400,none,False,0.0
21,400,RND,True,0.0
21,400,MIRW,True,0.0
21,400,FFD,True,0.0
21,400,KMeans,True,0.0
21,500,none,False,0.0
21,500,RND,True,0.0
21,500,MIRW,True,0.0
21,500,FFD,True,0.0
21,500,KMeans,True,0.0
21,600,none,False,0.0
21,600,RND,True,0.0
21,600,MIRW,True,0.0
21,600,FFD,True,0.0
21,600,KMeans,True,0.0
21,700,none,False,0.0
21,700,RND,True,0.0
21,700,MIRW,True,0.0
21,700,FFD,True,0.0
21,700,KMeans,True,0.0
21,800,none,False,0.0
21,800,RND,True,0.0
21,800,MIRW,True,0.0
21,800,FFD,True,0.0
21,800,KMeans,True,0.0
21,900,none,False,0.0
21,900,RND,True,0.0
21,900,MIRW,True,0.0
21,900,FFD,True,0.0
21,900,KMeans,True,0.0
21,1000,none,False,0.0
21,1000,RND,True,0.0
21,1000,MIRW,True,0.0
21,1000,FFD,True,0.0
21,1000,KMeans,True,0.0
21,1100,none,False,0.0
21,1100,RND,True,0.0
21,1100,MIRW,True,0.0
21,1100,FFD,True,0.0
21,1100,KMeans,True,0.0
21,1200,none,False,0.0
21,1200,RND,True,0.0
21,1200,MIRW,True,0.0
21,1200,FFD,True,0.0
21,1200,KMeans,True,1.0
21,1300,none,False,0.0
21,1300,RND,True,0.0
21,1300,MIRW,True,0.0
21,1300,FFD,True,0.0
21,1300,KMeans,True,0.0
21,1400,none,False,0.0
21,1400,RND,True,0.0
21,1400,MIRW,True,0.0
21,1400,FFD,True,0.0
21,1400,KMeans,True,0.0
21,1500,none,False,0.0
21,1500,RND,True,0.0
21,1500,MIRW,True,0.0
21,1500,FFD,True,0.0
21,1500,KMeans,True,0.0
21,1600,none,False,0.0
21,1600,RND,True,0.0
21,1600,MIRW,True,0.0
21,1600,FFD,True,0.0
21,1600,KMeans,True,0.0
21,1700,none,False,0.0
21,1700,RND,True,0.0
21,1700,MIRW,True,0.0
21,1700,FFD,True,0.0
21,1700,KMeans,True,0.0
21,1800,none,False,0.0
21,1800,RND,True,0.0
21,1800,MIRW,True,0.0
21,1800,FFD,True,0.0
21,1800,KMeans,True,0.0
22,0,none,False,0.0
22,0,RND,True,0.0
22,0,MIRW,True,0.0
22,0,FFD,True,0.0
22,0,KMeans,True,1.0
22,100,none,False,0.0
22,100,RND,True,0.0
22,100,MIRW,True,0.0
22,100,FFD,True,0.0
22,100,KMeans,True,0.0
22,200,none,False,0.0
22,200,RND,True,0.0
22,200,MIRW,True,0.0
22,200,FFD,True,0.0
22,200,KMeans,True,0.0
22,300,none,False,0.0
22,300,RND,True,0.0
22,300,MIRW,True,0.0
22,300,FFD,True,0.0
22,300,KMeans,True,0.0
22,400,none,False,0.0
22,400,RND,True,0.0
22,400,MIRW,True,0.0
22,400,FFD,True,0.0
22,400,KMeans,True,0.0
22,500,none,False,0.0
22,500,RND,True,0.0
22,500,MIRW,True,0.0
22,500,FFD,True,0.0
22,500,KMeans,True,0.0
22,600,none,False,0.0
22,600,RND,True,0.0
22,600,MIRW,True,0.0
22,600,FFD,True,0.0
22,600,KMeans,True,0.0
22,700,none,False,0.0
22,700,RND,True,0.0
22,700,MIRW,True,0.0
22,700,FFD,True,0.0
22,700,KMeans,True,0.0
22,800,none,False,0.0
22,800,RND,True,0.0
22,800,MIRW,True,0.0
22,800,FFD,True,0.0
22,800,KMeans,True,0.0
22,900,none,False,0.0
22,900,RND,True,0.0
22,900,MIRW,True,0.0
22,900,FFD,True,0.0
22,900,KMeans,True,0.0
22,1000,none,False,0.0
22,1000,RND,True,0.0
22,1000,MIRW,True,0.0
22,1000,FFD,True,0.0
22,1000,KMeans,True,0.0
22,1100,none,False,0.0
22,1100,RND,True,0.0
22,1100,MIRW,True,0.0
22,1100,FFD,True,0.0
22,1100,KMeans,True,0.0
22,1200,none,False,0.0
22,1200,RND,True,0.0
22,1200,MIRW,True,0.0
22,1200,FFD,True,0.0
22,1200,KMeans,True,1.0
22,1300,none,False,0.0
22,1300,RND,True,0.0
22,1300,MIRW,True,0.0
22,1300,FFD,True,0.0
22,1300,KMeans,True,0.0
22,1400,none,False,0.0
22,1400,RND,True,0.0
22,1400,MIRW,True,0.0
22,1400,FFD,True,0.0
22,1400,KMeans,True,0.0
22,1500,none,False,0.0
22,1500,RND,True,0.0
22,1500,MIRW,True,0.0
22,1500,FFD,True,0.0
22,1500,KMeans,True,0.0
22,1600,none,False,0.0
22,1600,RND,True,0.0
22,1600,MIRW,True,0.0
22,1600,FFD,True,0.0
22,1600,KMeans,True,0.0
22,1700,none,False,0.0
22,1700,RND,True,0.0
22,1700,MIRW,True,0.0
22,1700,FFD,True,0.0
22,1700,KMeans,True,0.0
22,1800,none,False,0.0
22,1800,RND,True,0.0
22,1800,MIRW,True,0.0
22,1800,FFD,True,0.0
22,1800,KMeans,True,0.0
23,0,none,False,0.0
23,0,RND,True,0.0
23,0,MIRW,True,0.0
23,0,FFD,True,0.0
23,0,KMeans,True,1.0
23,100,none,False,0.0
23,100,RND,True,0.0
23,100,MIRW,True,0.0
23,100,FFD,True,0.0
23,100,KMeans,True,0.0
23,200,none,False,0.0
23,200,RND,True,0.0
23,200,MIRW,True,0.0
23,200,FFD,True,0.0
23,200,KMeans,True,0.0
23,300,none,False,0.0
23,300,RND,True,0.0
23,300,MIRW,True,0.0
23,300,FFD,True,0.0
23,300,KMeans,True,0.0
23,400,none,False,0.0
23,400,RND,True,0.0
23,400,MIRW,True,0.0
23,400,FFD,True,0.0
23,400,KMeans,True,0.0
23,500,none,False,0.0
23,500,RND,True,0.0
23,500,MIRW,True,0.0
23,500,FFD,True,0.0
23,500,KMeans,True,0.0
23,600,none,False,0.0
23,600,RND,True,0.0
23,600,MIRW,True,0.0
23,600,FFD,True,0.0
23,600,KMeans,True,0.0
23,700,none,False,0.0
23,700,RND,True,0.0
23,700,MIRW,True,0.0
23,700,FFD,True,0.0
23,700,KMeans,True,0.0
23,800,none,False,0.0
23,800,RND,True,0.0
23,800,MIRW,True,0.0
23,800,FFD,True,0.0
23,800,KMeans,True,0.0
23,900,none,False,0.0
23,900,RND,True,0.0
23,900,MIRW,True,0.0
23,900,FFD,True,0.0
23,900,KMeans,True,0.0
23,1000,none,False,0.0
23,1000,RND,True,0.0
23,1000,MIRW,True,0.0
23,1000,FFD,True,0.0
23,1000,KMeans,True,0.0
23,1100,none,False,0.0
23,1100,RND,True,0.0
23,1100,MIRW,True,0.0
23,1100,FFD,True,0.0
23,1100,KMeans,True,0.0
23,1200,none,False,0.0
23,1200,RND,True,0.0
23,1200,MIRW,True,0.0
23,1200,FFD,True,0.0
23,1200,KMeans,True,1.0
23,1300,none,False,0.0
23,1300,RND,True,0.0
23,1300,MIRW,True,0.0
23,1300,FFD,True,0.0
23,1300,KMeans,True,0.0
23,1400,none,False,0.0
23,1400,RND,True,0.0
23,1400,MIRW,True,0.0
23,1400,FFD,True,0.0
23,1400,KMeans,True,0.0
23,1500,none,False,0.0
23,1500,RND,True,0.0
23,1500,MIRW,True,0.0
23,1500,FFD,True,0.0
23,1500,KMeans,True,0.0
23,1600,none,False,0.0
23,1600,RND,True,0.0
23,1600,MIRW,True,0.0
23,1600,FFD,True,0.0
23,1600,KMeans,True,0.0
23,1700,none,False,0.0
23,1700,RND,True,0.0
23,1700,MIRW,True,0.0
23,1700,FFD,True,0.0
23,1700,KMeans,True,0.0
23,1800,none,False,0.0
23,1800,RND,True,0.0
23,1800,MIRW,True,0.0
23,1800,FFD,True,0.0
23,1800,KMeans,True,0.0
24,0,none,False,0.0
24,0,RND,True,0.0
24,0,MIRW,True,0.0
24,0,FFD,True,0.0
24,0,KMeans,True,1.0
24,100,none,False,0.0
24,100,RND,True,0.0
24,100,MIRW,True,0.0
24,100,FFD,True,0.0
24,100,KMeans,True,0.0
24,200,none,False,0.0
24,200,RND,True,0.0
24,200,MIRW,True,0.0
24,200,FFD,True,0.0
24,200,KMeans,True,0.0
24,300,none,False,0.0
24,300,RND,True,0.0
24,300,MIRW,True,0.0
24,300,FFD,True,0.0
24,300,KMeans,True,0.0
24,400,none,False,0.0
24,400,RND,True,0.0
24,400,MIRW,True,0.0
24,400,FFD,True,0.0
24,400,KMeans,True,0.0
24,500,none,False,0.0
24,500,RND,True,0.0
24,500,MIRW,True,0.0
24,500,FFD,True,0.0
24,500,KMeans,True,0.0
24,600,none,False,0.0
24,600,RND,True,0.0
24,600,MIRW,True,0.0
24,600,FFD,True,0.0
24,600,KMeans,True,0.0
24,700,none,False,0.0
24,700,RND,True,0.0
24,700,MIRW,True,0.0
24,700,FFD,True,0.0
24,700,KMeans,True,0.0
24,800,none,False,0.0
24,800,RND,True,0.0
24,800,MIRW,True,0.0
24,800,FFD,True,0.0
24,800,KMeans,True,0.0
24,900,none,False,0.0
24,900,RND,True,0.0
24,900,MIRW,True,0.0
24,900,FFD,True,0.0
24,900,KMeans,True,0.0
24,1000,none,False,0.0
24,1000,RND,True,0.0
24,1000,MIRW,True,0.0
24,1000,FFD,True,0.0
24,1000,KMeans,True,0.0
24,1100,none,False,0.0
24,1100,RND,True,0.0
24,1100,MIRW,True,0.0
24,1100,FFD,True,0.0
24,1100,KMeans,True,0.0
24,1200,none,False,0.0
24,1200,RND,True,0.0
24,1200,MIRW,True,0.0
24,1200,FFD,True,0.0
24,1200,KMeans,True,1.0
24,1300,none,False,0.0
24,1300,RND,True,0.0
24,1300,MIRW,True,0.0
24,1300,FFD,True,0.0
24,1300,KMeans,True,0.0
24,1400,none,False,0.0
24,1400,RND,True,0.0
24,1400,MIRW,True,0.0
24,1400,FFD,True,0.0
24,1400,KMeans,True,0.0
24,1500,none,False,0.0
24,1500,RND,True,0.0
24,1500,MIRW,True,0.0
24,1500,FFD,True,0.0
24,1500,KMeans,True,0.0
24,1600,none,False,0.0
24,1600,RND,True,0.0
24,1600,MIRW,True,0.0
24,1600,FFD,True,0.0
24,1600,KMeans,True,0.0
24,1700,none,False,0.0
24,1700,RND,True,0.0
24,1700,MIRW,True,0.0
24,1700,FFD,True,0.0
24,1700,KMeans,True,0.0
24,1800,none,False,0.0
24,1800,RND,True,0.0
24,1800,MIRW,True,0.0
24,1800,FFD,True,0.0
24,1800,KMeans,True,0.0
25,0,none,False,0.0
25,0,RND,True,0.0
25,0,MIRW,True,0.0
25,0,FFD,True,0.0
25,0,KMeans,True,1.0
25,100,none,False,0.0
25,100,RND,True,0.0
25,100,MIRW,True,0.0
25,100,FFD,True,0.0
25,100,KMeans,True,0.0
25,200,none,False,0.0
25,200,RND,True,0.0
25,200,MIRW,True,0.0
25,200,FFD,True,0.0
25,200,KMeans,True,0.0
25,300,none,False,0.0
25,300,RND,True,0.0
25,300,MIRW,True,0.0
25,300,FFD,True,0.0
25,300,KMeans,True,0.0
25,400,none,False,0.0
25,400,RND,True,0.0
25,400,MIRW,True,0.0
25,400,FFD,True,0.0
25,400,KMeans,True,0.0
25,500,none,False,0.0
25,500,RND,True,0.0
25,500,MIRW,True,0.0
25,500,FFD,True,0.0
25,500,KMeans,True,0.0
25,600,none,False,0.0
25,600,RND,True,0.0
25,600,MIRW,True,0.0
25,600,FFD,True,0.0
25,600,KMeans,True,0.0
25,700,none,False,0.0
25,700,RND,True,0.0
25,700,MIRW,True,0.0
25,700,FFD,True,0.0
25,700,KMeans,True,0.0
25,800,none,False,0.0
25,800,RND,True,0.0
25,800,MIRW,True,0.0
25,800,FFD,True,0.0
25,800,KMeans,True,0.0
25,900,none,False,0.0
25,900,RND,True,0.0
25,900,MIRW,True,0.0
25,900,FFD,True,0.0
25,900,KMeans,True,0.0
25,1000,none,False,0.0
25,1000,RND,True,0.0
25,1000,MIRW,True,0.0
25,1000,FFD,True,0.0
25,1000,KMeans,True,0.0
25,1100,none,False,0.0
25,1100,RND,True,0.0
25,1100,MIRW,True,0.0
25,1100,FFD,True,0.0
25,1100,KMeans,True,0.0
25,1200,none,False,0.0
25,1200,RND,True,0.0
25,1200,MIRW,True,0.0
25,1200,FFD,True,0.0
25,1200,KMeans,True,1.0
25,1300,none,False,0.0
25,1300,RND,True,0.0
25,1300,MIRW,True,0.0
25,1300,FFD,True,0.0
25,1300,KMeans,True,0.0
25,1400,none,False,0.0
25,1400,RND,True,0.0
25,1400,MIRW,True,0.0
25,1400,FFD,True,0.0
25,1400,KMeans,True,0.0
25,1500,none,False,0.0
25,1500,RND,True,0.0
25,1500,MIRW,True,0.0
25,1500,FFD,True,0.0
25,1500,KMeans,True,0.0
25,1600,none,False,0.0
25,1600,RND,True,0.0
25,1600,MIRW,True,0.0
25,1600,FFD,True,0.0
25,1600,KMeans,True,0.0
25,1700,none,False,0.0
25,1700,RND,True,0.0
25,1700,MIRW,True,0.0
25,1700,FFD,True,0.0
25,1700,KMeans,True,0.0
25,1800,none,False,0.0
25,1800,RND,True,0.0
25,1800,MIRW,True,0.0
25,1800,FFD,True,0.0
25,1800,KMeans,True,0.0
26,0,none,False,0.0
26,0,RND,True,0.0
26,0,MIRW,True,0.0
26,0,FFD,True,0.0
26,0,KMeans,True,1.0
26,100,none,False,0.0
26,100,RND,True,0.0
26,100,MIRW,True,0.0
26,100,FFD,True,0.0
26,100,KMeans,True,0.0
26,200,none,False,0.0
26,200,RND,True,0.0
26,200,MIRW,True,0.0
26,200,FFD,True,0.0
26,200,KMeans,True,0.0
26,300,none,False,0.0
26,300,RND,True,0.0
26,300,MIRW,True,0.0
26,300,FFD,True,0.0
26,300,KMeans,True,0.0
26,400,none,False,0.0
26,400,RND,True,0.0
26,400,MIRW,True,0.0
26,400,FFD,True,0.0
26,400,KMeans,True,0.0
26,500,none,False,0.0
26,500,RND,True,0.0
26,500,MIRW,True,0.0
26,500,FFD,True,0.0
26,500,KMeans,True,0.0
26,600,none,False,0.0
26,600,RND,True,0.0
26,600,MIRW,True,0.0
26,600,FFD,True,0.0
26,600,KMeans,True,0.0
26,700,none,False,0.0
26,700,RND,True,0.0
26,700,MIRW,True,0.0
26,700,FFD,True,0.0
26,700,KMeans,True,0.0
26,800,none,False,0.0
26,800,RND,True,0.0
26,800,MIRW,True,0.0
26,800,FFD,True,0.0
26,800,KMeans,True,0.0
26,900,none,False,0.0
26,900,RND,True,0.0
26,900,MIRW,True,0.0
26,900,FFD,True,0.0
26,900,KMeans,True,0.0
26,1000,none,False,0.0
26,1000,RND,True,0.0
26,1000,MIRW,True,0.0
26,1000,FFD,True,0.0
26,1000,KMeans,True,0.0
26,1100,none,False,0.0
26,1100,RND,True,0.0
26,1100,MIRW,True,0.0
26,1100,FFD,True,0.0
26,1100,KMeans,True,0.0
26,1200,none,False,0.0
26,1200,RND,True,0.0
26,1200,MIRW,True,0.0
26,1200,FFD,True,0.0
26,1200,KMeans,True,1.0
26,1300,none,False,0.0
26,1300,RND,True,0.0
26,1300,MIRW,True,0.0
26,1300,FFD,True,0.0
26,1300,KMeans,True,0.0
26,1400,none,False,0.0
26,1400,RND,True,0.0
26,1400,MIRW,True,0.0
26,1400,FFD,True,0.0
26,1400,KMeans,True,0.0
26,1500,none,False,0.0
26,1500,RND,True,0.0
26,1500,MIRW,True,0.0
26,1500,FFD,True,0.0
26,1500,KMeans,True,0.0
26,1600,none,False,0.0
26,1600,RND,True,0.0
26,1600,MIRW,True,0.0
26,1600,FFD,True,0.0
26,1600,KMeans,True,0.0
26,1700,none,False,0.0
26,1700,RND,True,0.0
26,1700,MIRW,True,0.0
26,1700,FFD,True,0.0
26,1700,KMeans,True,0.0
26,1800,none,False,0.0
26,1800,RND,True,0.0
26,1800,MIRW,True,0.0
26,1800,FFD,True,0.0
26,1800,KMeans,True,0.0
27,0,none,False,0.0
27,0,RND,True,0.0
27,0,MIRW,True,0.0
27,0,FFD,True,0.0
27,0,KMeans,True,1.0
27,100,none,False,0.0
27,100,RND,True,0.0
27,100,MIRW,True,0.0
27,100,FFD,True,0.0
27,100,KMeans,True,0.0
27,200,none,False,0.0
27,200,RND,True,0.0
27,200,MIRW,True,0.0
27,200,FFD,True,0.0
27,200,KMeans,True,0.0
27,300,none,False,0.0
27,300,RND,True,0.0
27,300,MIRW,True,0.0
27,300,FFD,True,0.0
27,300,KMeans,True,0.0
27,400,none,False,0.0
27,400,RND,True,0.0
27,400,MIRW,True,0.0
27,400,FFD,True,0.0
27,400,KMeans,True,0.0
27,500,none,False,0.0
27,500,RND,True,0.0
27,500,MIRW,True,0.0
27,500,FFD,True,0.0
27,500,KMeans,True,0.0
27,600,none,False,0.0
27,600,RND,True,0.0
27,600,MIRW,True,0.0
27,600,FFD,True,0.0
27,600,KMeans,True,0.0
27,700,none,False,0.0
27,700,RND,True,0.0
27,700,MIRW,True,0.0
27,700,FFD,True,0.0
27,700,KMeans,True,0.0
27,800,none,False,0.0
27,800,RND,True,0.0
27,800,MIRW,True,0.0
27,800,FFD,True,0.0
27,800,KMeans,True,0.0
27,900,none,False,0.0
27,900,RND,True,0.0
27,900,MIRW,True,0.0
27,900,FFD,True,0.0
27,900,KMeans,True,0.0
27,1000,none,False,0.0
27,1000,RND,True,0.0
27,1000,MIRW,True,0.0
27,1000,FFD,True,0.0
27,1000,KMeans,True,0.0
27,1100,none,False,0.0
27,1100,RND,True,0.0
27,1100,MIRW,True,0.0
27,1100,FFD,True,0.0
27,1100,KMeans,True,0.0
27,1200,none,False,0.0
27,1200,RND,True,0.0
27,1200,MIRW,True,0.0
27,1200,FFD,True,0.0
27,1200,KMeans,True,1.0
27,1300,none,False,0.0
27,1300,RND,True,0.0
27,1300,MIRW,True,0.0
27,1300,FFD,True,0.0
27,1300,KMeans,True,0.0
27,1400,none,False,0.0
27,1400,RND,True,0.0
27,1400,MIRW,True,0.0
27,1400,FFD,True,0.0
27,1400,KMeans,True,0.0
27,1500,none,False,0.0
27,1500,RND,True,0.0
27,1500,MIRW,True,0.0
27,1500,FFD,True,0.0
27,1500,KMeans,True,0.0
27,1600,none,False,0.0
27,1600,RND,True,0.0
27,1600,MIRW,True,0.0
27,1600,FFD,True,0.0
27,1600,KMeans,True,0.0
27,1700,none,False,0.0
27,1700,RND,True,0.0
27,1700,MIRW,True,0.0
27,1700,FFD,True,0.0
27,1700,KMeans,True,0.0
27,1800,none,False,0.0
27,1800,RND,True,0.0
27,1800,MIRW,True,0.0
27,1800,FFD,True,0.0
27,1800,KMeans,True,0.0
28,0,none,False,0.0
28,0,RND,True,0.0
28,0,MIRW,True,0.0
28,0,FFD,True,0.0
28,0,KMeans,True,1.0
28,100,none,False,0.0
28,100,RND,True,0.0
28,100,MIRW,True,0.0
28,100,FFD,True,0.0
28,100,KMeans,True,0.0
28,200,none,False,0.0
28,200,RND,True,0.0
28,200,MIRW,True,0.0
28,200,FFD,True,0.0
28,200,KMeans,True,0.0
28,300,none,False,0.0
28,300,RND,True,0.0
28,300,MIRW,True,0.0
28,300,FFD,True,0.0
28,300,KMeans,True,0.0
28,400,none,False,0.0
28,400,RND,True,0.0
28,400,MIRW,True,0.0
28,400,FFD,True,0.0
28,400,KMeans,True,0.0
28,500,none,False,0.0
28,500,RND,True,0.0
28,500,MIRW,True,0.0
28,500,FFD,True,0.0
28,500,KMeans,True,0.0
28,600,none,False,0.0
28,600,RND,True,0.0
28,600,MIRW,True,0.0
28,600,FFD,True,0.0
28,600,KMeans,True,0.0
28,700,none,False,0.0
28,700,RND,True,0.0
28,700,MIRW,True,0.0
28,700,FFD,True,0.0
28,700,KMeans,True,0.0
28,800,none,False,0.0
28,800,RND,True,0.0
28,800,MIRW,True,0.0
28,800,FFD,True,0.0
28,800,KMeans,True,0.0
28,900,none,False,0.0
28,900,RND,True,0.0
28,900,MIRW,True,0.0
28,900,FFD,True,0.0
28,900,KMeans,True,0.0
28,1000,none,False,0.0
28,1000,RND,True,0.0
28,1000,MIRW,True,0.0
28,1000,FFD,True,0.0
28,1000,KMeans,True,0.0
28,1100,none,False,0.0
28,1100,RND,True,0.0
28,1100,MIRW,True,0.0
28,1100,FFD,True,0.0
28,1100,KMeans,True,0.0
28,1200,none,False,0.0
28,1200,RND,True,0.0
28,1200,MIRW,True,0.0
28,1200,FFD,True,0.0
28,1200,KMeans,True,1.0
28,1300,none,False,0.0
28,1300,RND,True,0.0
28,1300,MIRW,True,0.0
28,1300,FFD,True,0.0
28,1300,KMeans,True,0.0
28,1400,none,False,0.0
28,1400,RND,True,0.0
28,1400,MIRW,True,0.0
28,1400,FFD,True,0.0
28,1400,KMeans,True,0.0
28,1500,none,False,0.0
28,1500,RND,True,0.0
28,1500,MIRW,True,0.0
28,1500,FFD,True,0.0
28,1500,KMeans,True,0.0
28,1600,none,False,0.0
28,1600,RND,True,0.0
28,1600,MIRW,True,0.0
28,1600,FFD,True,0.0
28,1600,KMeans,True,0.0
28,1700,none,False,0.0
28,1700,RND,True,0.0
28,1700,MIRW,True,0.0
28,1700,FFD,True,0.0
28,1700,KMeans,True,0.0
28,1800,none,False,0.0
28,1800,RND,True,0.0
28,1800,MIRW,True,0.0
28,1800,FFD,True,0.0
28,1800,KMeans,True,0.0
29,0,none,False,0.0
29,0,RND,True,0.0
29,0,MIRW,True,0.0
29,0,FFD,True,0.0
29,0,KMeans,True,1.0
29,100,none,False,0.0
29,100,RND,True,0.0
29,100,MIRW,True,0.0
29,100,FFD,True,0.0
29,100,KMeans,True,0.0
29,200,none,False,0.0
29,200,RND,True,0.0
29,200,MIRW,True,0.0
29,200,FFD,True,0.0
29,200,KMeans,True,0.0
29,300,none,False,0.0
29,300,RND,True,0.0
29,300,MIRW,True,0.0
29,300,FFD,True,0.0
29,300,KMeans,True,0.0
29,400,none,False,0.0
29,400,RND,True,0.0
29,400,MIRW,True,0.0
29,400,FFD,True,0.0
29,400,KMeans,True,0.0
29,500,none,False,0.0
29,500,RND,True,0.0
29,500,MIRW,True,0.0
29,500,FFD,True,0.0
29,500,KMeans,True,0.0
29,600,none,False,0.0
29,600,RND,True,0.0
29,600,MIRW,True,0.0
29,600,FFD,True,0.0
29,600,KMeans,True,0.0
29,700,none,False,0.0
29,700,RND,True,0.0
29,700,MIRW,True,0.0
29,700,FFD,True,0.0
29,700,KMeans,True,0.0
29,800,none,False,0.0
29,800,RND,True,0.0
29,800,MIRW,True,0.0
29,800,FFD,True,0.0
29,800,KMeans,True,0.0
29,900,none,False,0.0
29,900,RND,True,0.0
29,900,MIRW,True,0.0
29,900,FFD,True,0.0
29,900,KMeans,True,0.0
29,1000,none,False,0.0
29,1000,RND,True,0.0
29,1000,MIRW,True,0.0
29,1000,FFD,True,0.0
29,1000,KMeans,True,0.0
29,1100,none,False,0.0
29,1100,RND,True,0.0
29,1100,MIRW,True,0.0
29,1100,FFD,True,0.0
29,1100,KMeans,True,0.0
29,1200,none,False,0.0
29,1200,RND,True,0.0
29,1200,MIRW,True,0.0
29,1200,FFD,True,0.0
29,1200,KMeans,True,1.0
29,1300,none,False,0.0
29,1300,RND,True,0.0
29,1300,MIRW,True,0.0
29,1300,FFD,True,0.0
29,1300,KMeans,True,0.0
29,1400,none,False,0.0
29,1400,RND,True,0.0
29,1400,MIRW,True,0.0
29,1400,FFD,True,0.0
29,1400,KMeans,True,0.0
29,1500,none,False,0.0
29,1500,RND,True,0.0
29,1500,MIRW,True,0.0
29,1500,FFD,True,0.0
29,1500,KMeans,True,0.0
29,1600,none,False,0.0
29,1600,RND,True,0.0
29,1600,MIRW,True,0.0
29,1600,FFD,True,0.0
29,1600,KMeans,True,0.0
29,1700,none,False,0.0
29,1700,RND,True,0.0
29,1700,MIRW,True,0.0
29,1700,FFD,True,0.0
29,1700,KMeans,True,0.0
29,1800,none,False,0.0
29,1800,RND,True,0.0
29,1800,MIRW,True,0.0
29,1800,FFD,True,0.0
29,1800,KMeans,True,0.0
